chr1_1338288	V2	106,3,0,0	38,0	exclusive	axis
chr1_6125548	V1	103,29,111,4	20,20	exclusive	space
chr1_10419734	S0	94,17,161,62	37,20	exclusive	space
chr1_10624427	V1	108,26,119,5	20,39	exclusive	space
chr1_11107089	V1	85,23,133,8	33,27	exclusive	space
chr1_11680478	V2	207,15,0,0	20,0	exclusive	axis
chr1_15946303	V1	81,29,122,5	20,36	exclusive	space
chr1_23393929	S0	105,14,107,39	20,20	exclusive	space
chr1_24108047	S0	151,19,165,43	20,20	exclusive	space
chr1_26951815	V2	120,8,0,0	30,0	exclusive	axis
chr1_34904818	S0	144,14,203,59	35,31	exclusive	space
chr1_39760462	S0	80,15,132,46	20,32	exclusive	space
chr1_43181753	S0	190,33,276,89	20,31	exclusive	space
chr1_44215010	V2	101,5,0,0	36,0	exclusive	axis
chr1_54139847	V4	0,0,128,6	0,33	exclusive	axis
chr1_54200516	V1	218,75,288,11	20,20	exclusive	space
chr1_54801034	V2	190,10,0,0	20,0	exclusive	axis
chr1_54986303	S0	124,14,155,62	20,28	exclusive	space
chr1_71047467	V2	210,11,0,0	38,0	exclusive	axis
chr1_84525986	V2	143,13,0,0	20,0	exclusive	axis
chr1_91404853	S0	173,22,229,74	20,20	exclusive	space
chr1_92483381	V3	0,0,101,9	0,20	exclusive	axis
chr1_111348570	V3	0,0,252,26	0,20	exclusive	axis
chr1_145900950	V4	0,0,279,4	0,29	exclusive	axis
chr1_150512422	V1	155,61,225,7	20,20	exclusive	space
chr1_152223174	S0	133,16,197,72	27,20	exclusive	space
chr1_156065926	S0	97,5,128,54	38,20	exclusive	space
chr1_156176878	V1	183,58,245,9	20,34	exclusive	space
chr1_158330814	S0	106,19,151,47	35,35	exclusive	space
chr1_161526220	S0	67,8,142,52	37,20	exclusive	space
chr1_167021122	S0	123,25,177,54	20,20	exclusive	space
chr1_169542801	S0	150,19,244,70	20,36	exclusive	space
chr1_169550656	S0	105,20,119,37	20,30	exclusive	space
chr1_169731919	V1	98,27,149,9	20,20	exclusive	space
chr1_179630907	V1	133,30,178,4	20,29	exclusive	space
chr1_179851278	V2	130,8,0,0	20,0	exclusive	axis
chr1_181052347	S0	102,6,171,48	20,25	exclusive	space
chr1_204126092	S0	98,14,145,53	20,34	exclusive	space
chr1_207609424	V1	119,37,204,3	35,36	exclusive	space
chr1_207717547	V1	210,71,261,6	20,36	exclusive	space
chr1_209623853	V1	86,24,142,9	32,38	exclusive	space
chr1_209625846	V1	90,34,133,5	25,38	exclusive	space
chr1_215900085	V2	124,11,0,0	20,0	exclusive	axis
chr1_216200074	V1	112,39,158,7	27,39	exclusive	space
chr1_223792484	V1	138,34,141,7	30,20	exclusive	space
chr1_229636946	V4	0,0,156,8	0,29	exclusive	axis
chr1_236566665	S0	87,9,147,58	20,20	exclusive	space
chr1_248917151	V1	172,57,240,10	20,27	exclusive	space
chr2_3208710	V1	158,40,281,9	36,36	exclusive	space
chr2_11593008	V1	154,57,240,13	20,20	exclusive	space
chr2_15356306	V3	0,0,137,12	0,20	exclusive	axis
chr2_21008720	S0	173,16,225,77	28,29	exclusive	space
chr2_31366981	V1	88,32,115,7	20,20	exclusive	space
chr2_36861241	S0	100,9,161,46	38,37	exclusive	space
chr2_37359791	S0	117,22,140,49	31,35	exclusive	space
chr2_38318917	S0	187,13,219,55	36,34	exclusive	space
chr2_38861181	V3	0,0,266,26	0,20	exclusive	axis
chr2_68950137	V2	120,3,0,0	37,0	exclusive	axis
chr2_70297445	V1	100,29,108,5	35,35	exclusive	space
chr2_71611313	V2	173,7,0,0	20,0	exclusive	axis
chr2_85552970	V1	116,50,172,5	20,35	exclusive	space
chr2_88897589	V1	104,37,146,7	20,20	exclusive	space
chr2_94871756	V1	0,0,139,4	0,35	exclusive	axis
chr2_96327953	V2	189,6,0,0	35,0	exclusive	axis
chr2_98093221	V1	173,49,203,8	20,35	exclusive	space
chr2_106834069	V1	119,32,186,5	20,20	exclusive	space
chr2_127059119	V1	96,26,118,5	20,34	exclusive	space
chr2_130345906	V2	129,9,0,0	36,0	exclusive	axis
chr2_140501807	V1	202,65,236,10	20,20	exclusive	space
chr2_151654090	V3	0,0,113,8	0,39	exclusive	axis
chr2_169206910	V2	151,8,0,0	37,0	exclusive	axis
chr2_176171917	V1	229,52,322,6	26,27	exclusive	space
chr2_177550778	V3	0,0,108,4	0,38	exclusive	axis
chr2_177663913	V1	106,42,150,7	20,20	exclusive	space
chr2_178545977	S0	150,13,147,43	36,35	exclusive	space
chr2_178746984	V1	173,53,224,9	20,20	exclusive	space
chr2_185802633	S0	155,20,172,57	20,37	exclusive	space
chr2_202105918	V1	145,44,190,7	20,37	exclusive	space
chr2_206306587	S0	125,21,158,69	20,20	exclusive	space
chr2_210153978	S0	176,34,277,94	20,20	exclusive	space
chr2_219235831	V4	0,0,194,6	0,38	exclusive	axis
chr2_231208216	S0	107,11,153,51	20,34	exclusive	space
chr2_237366926	S0	279,28,393,137	27,20	exclusive	space
chr2_237576613	S0	89,16,117,43	20,20	exclusive	space
chr2_239895252	S0	157,17,206,69	31,20	exclusive	space
chr2_241070110	V2	203,11,0,0	36,0	exclusive	axis
chr2_241212617	V1	86,38,140,4	20,26	exclusive	space
chr2_241633007	V1	88,27,118,6	20,20	exclusive	space
chr3_1383061	V3	0,0,131,5	0,26	exclusive	axis
chr3_4788048	V1	141,43,180,6	20,20	exclusive	space
chr3_9928474	V1	129,36,167,4	20,27	exclusive	space
chr3_10270823	V1	155,42,211,5	37,38	exclusive	space
chr3_10402143	V2	207,19,0,0	20,0	exclusive	axis
chr3_31683704	S0	98,9,107,30	36,34	exclusive	space
chr3_32891349	V1	146,47,215,3	35,36	exclusive	space
chr3_33093659	V2	133,3,0,0	38,0	exclusive	axis
chr3_36889920	S0	129,23,160,49	20,20	exclusive	space
chr3_38009716	V2	144,6,0,0	20,0	exclusive	axis
chr3_40423387	V2	107,7,0,0	20,0	exclusive	axis
chr3_45595738	V1	96,34,152,4	38,29	exclusive	space
chr3_46581139	V1	109,29,153,6	20,20	exclusive	space
chr3_48918824	S0	138,13,163,65	20,35	exclusive	space
chr3_50252421	V3	0,0,121,9	0,35	exclusive	axis
chr3_56641476	V1	108,39,189,5	38,39	exclusive	space
chr3_64147506	V1	106,34,160,6	20,32	exclusive	space
chr3_98517095	V2	117,11,0,0	20,0	exclusive	axis
chr3_98784948	V3	0,0,131,17	0,32	exclusive	axis
chr3_101853114	V1	123,40,217,8	20,28	exclusive	space
chr3_122926430	V1	127,34,247,7	36,37	exclusive	space
chr3_123447793	V4	0,0,234,4	0,28	exclusive	axis
chr3_124887662	V2	107,6,0,0	20,0	exclusive	axis
chr3_130376336	S0	126,15,175,54	20,20	exclusive	space
chr3_132447422	V1	102,35,140,3	20,36	exclusive	space
chr3_136855397	S0	200,33,247,117	35,35	exclusive	space
chr3_141443343	V4	0,0,210,5	0,37	exclusive	axis
chr3_148844523	V1	107,32,150,4	36,28	exclusive	space
chr3_148994202	V3	0,0,149,16	0,20	exclusive	axis
chr3_149160228	S0	134,24,193,90	34,20	exclusive	space
chr3_151328816	V1	157,42,203,9	35,33	exclusive	space
chr3_157413999	V1	101,36,125,5	20,20	exclusive	space
chr3_167449338	V2	257,10,0,0	20,0	exclusive	axis
chr3_180660614	V2	102,6,0,0	20,0	exclusive	axis
chr3_186789968	V1	167,45,193,8	20,20	exclusive	space
chr3_195868183	V1	115,50,189,5	20,34	exclusive	space
chr3_196508058	V2	180,4,0,0	27,0	exclusive	axis
chr3_197756454	V2	114,4,0,0	29,0	exclusive	axis
chr4_86908	V1	120,34,162,6	36,35	exclusive	space
chr4_679983	V1	163,56,0,0	20,0	exclusive	axis
chr4_2304751	V2	130,5,0,0	36,0	exclusive	axis
chr4_6863794	V1	127,50,160,6	36,37	exclusive	space
chr4_15840031	V1	127,40,144,5	20,37	exclusive	space
chr4_30724074	V3	0,0,232,20	0,20	exclusive	axis
chr4_47554891	S0	222,22,236,76	20,32	exclusive	space
chr4_48589869	V1	119,32,150,5	37,20	exclusive	space
chr4_54727315	V1	142,55,187,8	20,39	exclusive	space
chr4_71763422	V3	0,0,251,17	0,20	exclusive	axis
chr4_105645321	V2	140,8,0,0	26,0	exclusive	axis
chr4_154799197	V1	139,31,136,4	36,28	exclusive	space
chr4_185445027	V1	175,44,226,7	36,20	exclusive	space
chr6_2955568	V1	123,39,164,7	20,37	exclusive	space
chr6_6250887	S0	182,28,228,71	20,20	exclusive	space
chr6_9705250	V4	0,0,137,5	0,20	exclusive	axis
chr6_24564316	V2	196,4,0,0	27,0	exclusive	axis
chr6_27873498	S0	184,21,236,69	32,20	exclusive	space
chr6_36200851	V1	102,28,121,3	26,38	exclusive	space
chr6_43505209	V2	142,5,0,0	36,0	exclusive	axis
chr6_44286028	V1	85,28,126,5	20,38	exclusive	space
chr6_52053170	V4	0,0,153,3	0,37	exclusive	axis
chr6_73638419	V1	108,36,141,4	20,37	exclusive	space
chr6_109093802	V3	0,0,136,16	0,29	exclusive	axis
chr6_110246206	V3	0,0,149,12	0,36	exclusive	axis
chr6_110623323	V1	125,38,182,7	34,20	exclusive	space
chr6_119024026	V1	93,38,121,11	20,36	exclusive	space
chr6_122803797	S0	126,11,192,65	37,20	exclusive	space
chr6_137155080	V1	102,18,0,0	20,0	exclusive	axis
chr6_142771617	V1	76,19,155,4	34,34	exclusive	space
chr6_150068980	V3	0,0,148,11	0,20	exclusive	axis
chr6_151596525	S0	102,13,132,50	35,20	exclusive	space
chr6_155453474	V4	0,0,191,3	0,35	exclusive	axis
chr6_161086586	V4	0,0,149,6	0,35	exclusive	axis
chr6_165894450	V1	128,42,200,4	28,36	exclusive	space
chr6_167825843	V1	215,66,319,14	32,33	exclusive	space
chr7_6674405	V2	135,7,0,0	20,0	exclusive	axis
chr7_6676030	V1	159,43,178,7	37,20	exclusive	space
chr7_12357271	S0	138,16,169,52	38,34	exclusive	space
chr7_23174185	V1	166,46,232,9	20,37	exclusive	space
chr7_23300999	V1	165,61,256,4	20,29	exclusive	space
chr7_27169566	V1	113,43,127,9	20,35	exclusive	space
chr7_29480313	V2	159,5,0,0	33,0	exclusive	axis
chr7_31692470	V1	157,51,222,3	20,38	exclusive	space
chr7_38363075	V1	88,25,138,5	37,38	exclusive	space
chr7_44516100	V3	0,0,126,14	0,20	exclusive	axis
chr7_64266300	V2	145,5,0,0	36,0	exclusive	axis
chr7_73434529	S0	196,23,273,107	36,35	exclusive	space
chr7_76482677	V3	0,0,102,5	0,33	exclusive	axis
chr7_82966008	V1	218,77,275,10	20,36	exclusive	space
chr7_101031847	V1	204,53,0,0	20,0	exclusive	axis
chr7_101088615	S0	168,22,194,59	20,37	exclusive	space
chr7_102934208	V1	184,48,261,10	20,33	exclusive	space
chr7_117760606	V1	108,30,0,0	37,0	exclusive	axis
chr7_127704919	V2	101,4,0,0	22,0	exclusive	axis
chr7_138628263	V1	91,28,114,11	27,20	exclusive	space
chr7_138916960	V1	151,36,157,4	20,28	exclusive	space
chr7_139716144	V1	103,25,122,7	37,20	exclusive	space
chr7_150628087	V1	167,51,219,17	20,35	exclusive	space
chr8_11035277	S0	90,3,137,41	38,20	exclusive	space
chr8_17972496	V3	0,0,112,6	0,35	exclusive	axis
chr8_22138686	V1	186,66,240,6	20,36	exclusive	space
chr8_23103040	V1	201,64,291,6	20,20	exclusive	space
chr8_24349925	V1	0,0,109,5	0,38	exclusive	axis
chr8_41734016	S0	163,14,185,64	20,33	exclusive	space
chr8_42048577	V1	144,34,181,15	38,38	exclusive	space
chr8_42437504	V1	149,43,161,4	20,34	exclusive	space
chr8_74825322	S0	121,11,174,62	33,20	exclusive	space
chr8_93735615	V1	112,26,133,7	36,20	exclusive	space
chr8_103324560	S0	120,19,155,52	20,20	exclusive	space
chr8_109445471	V1	136,43,173,7	35,36	exclusive	space
chr8_120548788	S0	105,23,104,48	20,35	exclusive	space
chr8_122953845	V1	81,22,121,4	20,29	exclusive	space
chr8_142613630	V2	138,7,0,0	38,0	exclusive	axis
chr8_142785623	V3	0,0,246,13	0,33	exclusive	axis
chr8_142912625	V3	0,0,173,22	0,35	exclusive	axis
chr8_144358158	V2	185,10,0,0	37,0	exclusive	axis
chr8_144514295	V2	164,11,0,0	38,0	exclusive	axis
chr9_990840	V1	148,49,0,0	20,0	exclusive	axis
chr9_36087879	V1	103,38,123,7	29,35	exclusive	space
chr9_81916264	S0	128,17,130,38	32,33	exclusive	space
chr9_92177397	S0	104,7,130,52	38,35	exclusive	space
chr9_97675507	V2	118,8,0,0	26,0	exclusive	axis
chr9_99832787	V1	142,43,182,5	20,20	exclusive	space
chr9_100442295	V1	118,35,142,4	20,37	exclusive	space
chr9_100585926	V1	128,33,185,4	33,38	exclusive	space
chr9_114047924	V2	114,6,0,0	20,0	exclusive	axis
chr9_117713024	V1	98,25,140,7	34,36	exclusive	space
chr9_120787863	S0	201,25,256,78	27,20	exclusive	space
chr9_122750159	V1	292,86,374,13	20,30	exclusive	space
chr9_126833388	V1	144,42,234,8	34,25	exclusive	space
chr9_128724046	S0	111,18,98,22	37,20	exclusive	space
chr9_129875412	V1	149,62,208,13	32,20	exclusive	space
chr9_130885205	V1	206,68,262,9	20,36	exclusive	space
chr9_131085585	V1	171,46,214,11	20,20	exclusive	space
chr9_132328451	V1	168,61,247,11	20,20	exclusive	space
chr9_133717360	V1	98,41,117,4	26,28	exclusive	space
chr9_134422362	S0	227,37,253,101	20,20	exclusive	space
chr9_137892064	V1	132,30,237,12	36,20	exclusive	space
chr10_651266	V2	187,13,0,0	36,0	exclusive	axis
chr10_5001555	V1	115,33,162,9	36,36	exclusive	space
chr10_6220739	V1	216,56,277,12	20,35	exclusive	space
chr10_11321250	V2	168,12,0,0	20,0	exclusive	axis
chr10_28681496	V1	162,49,196,5	33,20	exclusive	space
chr10_29458292	V3	0,0,144,5	0,20	exclusive	axis
chr10_49132145	V1	144,54,201,10	34,34	exclusive	space
chr10_49326350	V3	0,0,142,14	0,34	exclusive	axis
chr10_49524234	V1	94,32,198,6	36,36	exclusive	space
chr10_70145813	V3	0,0,105,8	0,28	exclusive	axis
chr10_70266198	V1	96,13,148,8	36,20	exclusive	space
chr10_71773463	V3	0,0,217,20	0,20	exclusive	axis
chr10_78001060	V1	124,42,0,0	20,0	exclusive	axis
chr10_84232605	V1	120,44,171,10	35,33	exclusive	space
chr10_85916237	V1	102,34,125,8	20,20	exclusive	space
chr10_93959444	V2	115,7,0,0	20,0	exclusive	axis
chr10_103388172	V2	147,10,0,0	38,0	exclusive	axis
chr10_112668219	V1	115,40,164,7	20,20	exclusive	space
chr10_114174146	V1	112,36,126,6	20,36	exclusive	space
chr10_127552592	V3	0,0,151,15	0,36	exclusive	axis
chr10_133285229	V1	178,76,205,13	35,20	exclusive	space
chr11_830497	V1	224,43,318,8	20,26	exclusive	space
chr11_1470389	V1	160,39,213,16	36,23	exclusive	space
chr11_2402683	V1	96,25,121,6	20,20	exclusive	space
chr11_4390011	V1	90,29,124,5	20,20	exclusive	space
chr11_4450239	S0	0,0,134,45	0,38	exclusive	axis
chr11_4489713	V2	123,5,0,0	20,0	exclusive	axis
chr11_4999825	V3	0,0,129,13	0,20	exclusive	axis
chr11_5453940	V3	0,0,156,15	0,38	exclusive	axis
chr11_6057907	V1	156,40,211,7	20,20	exclusive	space
chr11_6546843	S0	150,24,170,56	35,25	exclusive	space
chr11_6617732	S0	133,9,147,38	37,20	exclusive	space
chr11_6768026	V2	117,6,0,0	20,0	exclusive	axis
chr11_7509754	V1	197,55,247,9	20,26	exclusive	space
chr11_18714368	V1	149,51,197,12	35,33	exclusive	space
chr11_54603295	V2	140,5,0,0	36,0	exclusive	axis
chr11_56160222	V3	0,0,154,15	0,35	exclusive	axis
chr11_57302094	V1	122,26,173,10	20,20	exclusive	space
chr11_57309346	V1	131,38,202,7	38,38	exclusive	space
chr11_57309421	V1	130,47,211,13	20,33	exclusive	space
chr11_57312878	V1	128,38,185,6	36,38	exclusive	space
chr11_57313443	V1	91,40,189,5	20,34	exclusive	space
chr11_59655677	V1	164,49,231,10	20,20	exclusive	space
chr11_63629346	V1	123,39,161,8	20,39	exclusive	space
chr11_65498263	V1	103,18,130,4	38,30	exclusive	space
chr11_69810617	V1	116,22,0,0	20,0	exclusive	axis
chr11_73309801	V3	0,0,290,28	0,35	exclusive	axis
chr11_85663949	V2	155,9,0,0	36,0	exclusive	axis
chr11_110272950	S0	141,14,185,75	34,33	exclusive	space
chr11_116821842	V2	123,7,0,0	20,0	exclusive	axis
chr11_119101531	V3	0,0,172,17	0,20	exclusive	axis
chr11_119193848	V1	100,23,130,9	36,20	exclusive	space
chr11_126995294	S0	124,16,126,37	20,33	exclusive	space
chr11_130462562	V4	0,0,259,9	0,20	exclusive	axis
chr11_133946188	V1	101,43,140,7	20,20	exclusive	space
chr12_1593053	V1	167,59,182,5	38,20	exclusive	space
chr12_1593395	V2	267,12,0,0	20,0	exclusive	axis
chr12_7102073	V1	94,28,135,8	20,20	exclusive	space
chr12_22661102	V4	0,0,126,9	0,20	exclusive	axis
chr12_31479952	S0	124,23,154,62	20,20	exclusive	space
chr12_31984918	V4	0,0,153,4	0,27	exclusive	axis
chr12_32328159	V2	241,13,0,0	20,0	exclusive	axis
chr12_39366350	V1	133,38,125,6	20,36	exclusive	space
chr12_51462390	V1	120,44,127,3	20,20	exclusive	space
chr12_55294664	V2	141,8,0,0	20,0	exclusive	axis
chr12_55957493	V1	135,39,193,6	20,37	exclusive	space
chr12_56996254	V1	155,47,251,7	20,32	exclusive	space
chr12_57070676	V1	124,41,0,0	20,0	exclusive	axis
chr12_65866936	V1	163,60,175,5	20,35	exclusive	space
chr12_76346369	V1	107,45,190,6	35,20	exclusive	space
chr12_94581825	V1	188,46,216,8	20,36	exclusive	space
chr12_101292005	V1	100,26,148,7	20,20	exclusive	space
chr12_112950725	V2	177,9,0,0	20,0	exclusive	axis
chr12_116575951	V4	0,0,147,5	0,20	exclusive	axis
chr12_120997733	S0	161,20,192,58	20,20	exclusive	space
chr12_121184436	V1	111,34,162,10	20,35	exclusive	space
chr12_132621858	V2	109,4,0,0	27,0	exclusive	axis
chr13_20051439	V1	73,30,128,6	20,34	exclusive	space
chr13_21177025	V4	0,0,269,10	0,35	exclusive	axis
chr13_23332844	V1	153,53,166,6	39,20	exclusive	space
chr13_24793340	V1	121,40,162,5	33,24	exclusive	space
chr13_29324646	V1	155,44,0,0	20,0	exclusive	axis
chr13_30939763	S0	120,15,184,67	32,33	exclusive	space
chr13_38689946	V4	0,0,101,5	0,26	exclusive	axis
chr13_42190428	V1	121,44,130,8	20,20	exclusive	space
chr13_49630744	V1	172,44,244,6	27,20	exclusive	space
chr13_76995943	S0	213,20,290,115	26,33	exclusive	space
chr13_78620651	V2	103,7,0,0	20,0	exclusive	axis
chr13_98440744	V3	0,0,119,11	0,20	exclusive	axis
chr13_102735196	V2	160,7,0,0	20,0	exclusive	axis
chr13_110495349	V2	168,14,0,0	20,0	exclusive	axis
chr14_22492867	V1	116,41,152,4	20,30	exclusive	space
chr14_32821719	V3	0,0,219,23	0,20	exclusive	axis
chr14_52950440	S0	156,17,190,64	36,20	exclusive	space
chr14_58211339	V1	149,42,205,4	20,35	exclusive	space
chr14_60150168	V1	153,58,151,13	20,20	exclusive	space
chr14_63205007	V2	123,8,0,0	20,0	exclusive	axis
chr14_69796931	V3	0,0,121,9	0,33	exclusive	axis
chr14_70642285	V1	91,27,171,5	20,38	exclusive	space
chr14_73251806	V1	123,31,165,11	37,37	exclusive	space
chr14_95105738	V2	155,8,0,0	36,0	exclusive	axis
chr14_100734177	V2	125,7,0,0	20,0	exclusive	axis
chr14_100882609	V1	170,47,161,4	20,39	exclusive	space
chr14_102443654	V1	79,28,122,6	20,20	exclusive	space
chr14_105142948	S0	289,34,310,96	37,36	exclusive	space
chr15_40206302	V2	125,5,0,0	20,0	exclusive	axis
chr15_40272375	V1	321,118,422,18	20,20	exclusive	space
chr15_40383242	S0	139,12,213,75	20,20	exclusive	space
chr15_41711118	S0	226,26,286,99	20,36	exclusive	space
chr15_44651839	V4	0,0,136,4	0,29	exclusive	axis
chr15_53705141	V2	157,6,0,0	20,0	exclusive	axis
chr15_70060760	V1	109,21,171,7	33,20	exclusive	space
chr15_82044210	V4	0,0,260,7	0,20	exclusive	axis
chr15_84621296	V4	0,0,218,6	0,27	exclusive	axis
chr15_89683617	V1	106,22,0,0	20,0	exclusive	axis
chr15_90360386	S0	116,8,134,46	37,36	exclusive	space
chr15_101819000	V1	86,24,152,8	35,34	exclusive	space
chr16_285531	V3	0,0,136,9	0,34	exclusive	axis
chr16_734765	V1	151,53,203,5	20,35	exclusive	space
chr16_765565	V1	142,56,0,0	20,0	exclusive	axis
chr16_769441	V1	160,44,210,14	20,37	exclusive	space
chr16_1348272	V2	115,6,0,0	20,0	exclusive	axis
chr16_2185130	V1	282,97,342,11	20,20	exclusive	space
chr16_3204678	V3	0,0,147,16	0,36	exclusive	axis
chr16_3966942	V2	129,6,0,0	20,0	exclusive	axis
chr16_5055305	S0	98,16,139,31	37,28	exclusive	space
chr16_8796465	V3	0,0,136,13	0,20	exclusive	axis
chr16_19537139	V1	101,31,138,4	35,28	exclusive	space
chr16_20548455	V2	101,5,0,0	20,0	exclusive	axis
chr16_21134336	V4	0,0,165,7	0,20	exclusive	axis
chr16_23557185	V1	153,58,0,0	30,0	exclusive	axis
chr16_28871811	V1	101,39,108,3	20,37	exclusive	space
chr16_29840417	V2	144,8,0,0	36,0	exclusive	axis
chr16_31413220	V1	89,19,120,4	37,29	exclusive	space
chr16_54933459	V2	109,6,0,0	20,0	exclusive	axis
chr16_57915320	V4	0,0,110,7	0,20	exclusive	axis
chr16_68259417	V2	243,7,0,0	40,0	exclusive	axis
chr16_68339525	S0	129,19,162,55	20,20	exclusive	space
chr16_71924122	V3	0,0,289,38	0,36	exclusive	axis
chr16_71978340	V1	124,42,165,4	37,29	exclusive	space
chr16_75612544	V1	128,35,126,5	20,20	exclusive	space
chr16_77319881	V1	69,16,136,6	22,20	exclusive	space
chr16_81061773	V2	165,4,0,0	28,0	exclusive	axis
chr16_81999417	V2	128,9,0,0	38,0	exclusive	axis
chr16_88433932	V2	126,10,0,0	20,0	exclusive	axis
chr16_88721265	V1	123,35,120,8	36,28	exclusive	space
chr16_88736340	S0	106,5,131,51	20,20	exclusive	space
chr17_3092923	V2	101,4,0,0	38,0	exclusive	axis
chr17_3216317	V1	137,52,230,6	20,20	exclusive	space
chr17_3433388	V2	124,6,0,0	37,0	exclusive	axis
chr17_3924792	V1	158,46,189,16	20,27	exclusive	space
chr17_4545295	V2	130,5,0,0	20,0	exclusive	axis
chr17_4597264	V2	182,8,0,0	36,0	exclusive	axis
chr17_4990166	V2	138,4,0,0	29,0	exclusive	axis
chr17_7427009	V1	152,46,0,0	37,0	exclusive	axis
chr17_8118455	V2	180,12,0,0	37,0	exclusive	axis
chr17_10315796	V1	84,34,144,5	20,20	exclusive	space
chr17_12984769	S0	145,12,186,71	28,20	exclusive	space
chr17_18256577	V2	113,5,0,0	35,0	exclusive	axis
chr17_19743328	V1	248,69,310,9	20,20	exclusive	space
chr17_27577730	S0	103,11,124,43	20,20	exclusive	space
chr17_28758980	S0	168,20,215,74	33,33	exclusive	space
chr17_29566151	V1	131,39,134,5	27,36	exclusive	space
chr17_34156251	V3	0,0,128,15	0,20	exclusive	axis
chr17_35352421	V1	228,77,267,17	20,20	exclusive	space
chr17_39944380	V1	176,38,300,16	20,20	exclusive	space
chr17_41478942	V1	89,27,137,6	20,20	exclusive	space
chr17_42218219	S0	163,13,231,68	20,20	exclusive	space
chr17_50355945	V1	141,55,181,4	35,28	exclusive	space
chr17_50683692	V4	0,0,149,4	0,28	exclusive	axis
chr17_50750747	S0	172,26,221,88	25,33	exclusive	space
chr17_54949575	S0	194,28,254,92	20,20	exclusive	space
chr17_61412346	V1	241,79,324,10	20,34	exclusive	space
chr17_61590660	V1	131,32,189,6	38,37	exclusive	space
chr17_61590991	V1	102,34,0,0	34,0	exclusive	axis
chr17_74362031	V2	182,7,0,0	36,0	exclusive	axis
chr17_74852321	V2	144,7,0,0	35,0	exclusive	axis
chr17_75573509	V1	237,77,274,6	20,20	exclusive	space
chr17_76932676	V1	185,54,225,19	20,20	exclusive	space
chr17_78507596	V1	94,23,161,3	35,38	exclusive	space
chr17_80210880	V1	103,32,148,7	20,20	exclusive	space
chr17_81120363	V4	0,0,121,6	0,20	exclusive	axis
chr18_24156541	S0	182,30,241,86	36,20	exclusive	space
chr18_31131702	V2	111,4,0,0	39,0	exclusive	axis
chr18_36576502	V1	147,37,177,4	20,28	exclusive	space
chr18_48921790	V1	98,22,135,6	38,20	exclusive	space
chr18_62574346	V2	154,11,0,0	32,0	exclusive	axis
chr18_63318367	S0	113,19,150,42	37,35	exclusive	space
chr18_75063705	V1	114,48,127,5	20,34	exclusive	space
chr19_334454	S0	137,24,198,59	29,20	exclusive	space
chr19_886001	V4	0,0,204,6	0,20	exclusive	axis
chr19_1005335	V1	329,100,348,13	20,33	exclusive	space
chr19_1828555	V2	196,9,0,0	20,0	exclusive	axis
chr19_2341303	S0	142,11,198,74	20,20	exclusive	space
chr19_2353152	V1	128,37,200,7	20,20	exclusive	space
chr19_4054642	V2	189,7,0,0	20,0	exclusive	axis
chr19_6312279	V1	110,36,157,6	20,20	exclusive	space
chr19_8133074	S0	77,9,165,59	36,20	exclusive	space
chr19_9658066	V1	195,60,282,8	24,38	exclusive	space
chr19_9691156	V1	250,93,409,17	20,20	exclusive	space
chr19_10328864	V1	210,39,323,9	32,25	exclusive	space
chr19_10924127	V3	0,0,151,8	0,36	exclusive	axis
chr19_11458582	V1	86,24,121,6	35,36	exclusive	space
chr19_12628231	V3	0,0,240,34	0,20	exclusive	axis
chr19_12694841	S0	145,24,176,71	36,36	exclusive	space
chr19_15087813	S0	113,14,175,92	37,35	exclusive	space
chr19_18777340	S0	444,55,520,161	20,20	exclusive	space
chr19_18785055	V1	156,47,164,6	20,34	exclusive	space
chr19_18928221	V1	176,53,218,11	20,20	exclusive	space
chr19_30443914	V1	202,55,283,7	20,20	exclusive	space
chr19_33210572	S0	220,24,242,77	20,20	exclusive	space
chr19_35644670	S0	107,16,171,50	20,35	exclusive	space
chr19_35720840	S0	173,33,194,60	20,24	exclusive	space
chr19_37887132	S0	228,18,322,113	28,35	exclusive	space
chr19_37889450	V1	190,47,311,7	35,20	exclusive	space
chr19_38505015	V3	0,0,192,13	0,20	exclusive	axis
chr19_44106690	V1	149,29,0,0	36,0	exclusive	axis
chr19_45093377	V3	0,0,158,19	0,33	exclusive	axis
chr19_46495033	V3	0,0,200,11	0,20	exclusive	axis
chr19_48750460	V2	170,5,0,0	36,0	exclusive	axis
chr19_50217692	V2	192,6,0,0	36,0	exclusive	axis
chr19_50858126	S0	194,29,262,79	20,35	exclusive	space
chr19_51746052	V2	120,5,0,0	35,0	exclusive	axis
chr19_52706146	V2	223,14,0,0	20,0	exclusive	axis
chr19_53108802	V2	101,8,0,0	20,0	exclusive	axis
chr19_55517551	S0	354,49,436,144	20,20	exclusive	space
chr19_56775370	V1	110,28,122,8	37,38	exclusive	space
chr19_57420659	V1	169,49,206,4	35,35	exclusive	space
chr19_57908922	V1	202,42,320,8	40,23	exclusive	space
chr19_58571008	V2	347,10,0,0	37,0	exclusive	axis
chr20_1937497	S0	156,18,173,42	20,36	exclusive	space
chr20_2117042	V1	122,31,148,5	37,25	exclusive	space
chr20_3862380	V4	0,0,103,5	0,36	exclusive	axis
chr20_5115453	V4	0,0,185,9	0,20	exclusive	axis
chr20_5570216	S0	124,22,125,35	20,34	exclusive	space
chr20_17620802	S0	131,23,152,53	20,33	exclusive	space
chr20_17621926	V1	137,46,199,11	33,20	exclusive	space
chr20_25057848	V1	178,63,202,4	20,28	exclusive	space
chr20_31644870	V3	0,0,185,12	0,34	exclusive	axis
chr20_35001292	V1	142,46,169,8	36,35	exclusive	space
chr20_37903349	V1	229,74,280,10	20,20	exclusive	space
chr20_38228214	V1	77,22,124,5	20,20	exclusive	space
chr20_38240994	V1	93,29,109,4	20,36	exclusive	space
chr20_44951869	V3	0,0,136,11	0,20	exclusive	axis
chr20_48646011	V2	104,8,0,0	20,0	exclusive	axis
chr20_50892647	V1	136,52,185,5	32,34	exclusive	space
chr20_51524090	S0	125,15,161,44	38,20	exclusive	space
chr20_56631372	V1	112,27,147,5	32,20	exclusive	space
chr20_58718124	V1	199,58,252,19	36,20	exclusive	space
chr20_62310306	S0	77,5,135,37	36,37	exclusive	space
chr20_62314904	V4	0,0,237,4	0,39	exclusive	axis
chr20_62410963	V3	0,0,161,9	0,20	exclusive	axis
chr20_62695098	V1	103,39,175,10	37,20	exclusive	space
chr20_63709063	V1	100,39,136,4	20,29	exclusive	space
chr21_14964781	V2	108,5,0,0	36,0	exclusive	axis
chr21_41801395	V1	99,32,179,10	27,37	exclusive	space
chr21_44900398	V1	118,31,136,5	20,37	exclusive	space
chr22_22327681	V1	88,27,127,3	32,37	exclusive	space
chr22_25890771	V1	123,47,151,5	20,33	exclusive	space
chr22_26292422	V1	0,0,208,5	0,32	exclusive	axis
chr22_26292793	V1	135,50,226,11	36,20	exclusive	space
chr22_27993465	V1	127,34,0,0	20,0	exclusive	axis
chr22_28108195	V1	113,47,164,7	20,20	exclusive	space
chr22_29308637	S0	92,10,136,49	36,36	exclusive	space
chr22_29804772	V3	0,0,201,11	0,39	exclusive	axis
chr22_29825131	V3	0,0,130,11	0,20	exclusive	axis
chr22_36227874	V2	160,12,0,0	20,0	exclusive	axis
chr22_38826593	V1	117,33,147,8	20,20	exclusive	space
chr22_39646715	V1	164,42,214,13	20,29	exclusive	space
chr22_46247126	V2	174,6,0,0	29,0	exclusive	axis
chr22_46312244	V1	90,32,156,5	24,36	exclusive	space
chr22_49886824	S0	124,18,203,64	33,35	exclusive	space
chr22_49886839	V2	142,5,0,0	20,0	exclusive	axis
chr22_49910544	S0	168,20,200,61	28,20	exclusive	space
chr22_50483215	S0	146,22,217,79	35,33	exclusive	space
