Speed: \ Stage:,-1,+0,-1 x2,+1,+2,+1 x2
923,"+1 x2 flutter-mane+, +1 x2 chien-pao+",,,,,
842,"+1 x2 flutter-mane=, +1 x2 chien-pao=",,,,,
830,+1 x2 whimsicott+,,,,,
806,+1 x2 tornadus-incarnate+,,,,,
803,+1 x2 ogerpon+,,,,,
797,+1 x2 ninetales-alola+,,,,,
758,"+1 x2 whimsicott=, +1 x2 landorus-incarnate+",,,,,
752,+1 x2 chi-yu+,,,,,
734,"+1 x2 urshifu-rapid-strike+, +1 x2 urshifu-single-strike+, +1 x2 tornadus-incarnate=",,,,,
731,+1 x2 ogerpon=,,,,,
725,+1 x2 ninetales-alola=,,,,,
707,+1 x2 gouging-fire+,,,,,
704,+1 x2 arcanine-hisui+,,,,,
689,+1 x2 landorus-incarnate=,,,,,
686,+1 x2 chi-yu=,,,,,
677,"+1 x2 articuno+, +1 x2 indeedee-female+, +1 x2 rillaboom+",,,,,
671,"+1 x2 urshifu-rapid-strike=, +1 x2 gholdengo+, +1 x2 urshifu-single-strike=",,,,,
653,+1 x2 dragonite+,,,,,
644,+1 x2 gouging-fire=,,,,,
641,+1 x2 arcanine-hisui=,,,,,
626,+1 x2 raging-bolt+,,,,,
617,"+1 x2 indeedee-female=, +1 x2 rillaboom=, +1 x2 articuno=, +2 chien-pao+, +2 flutter-mane+",,,,,
615,,"+1 x2 flutter-mane+, +1 x2 chien-pao+",,,,
614,+1 x2 gholdengo=,,,,,
596,+1 x2 dragonite=,,,,,
572,+1 x2 raging-bolt=,,,,,
563,"+2 flutter-mane=, +2 chien-pao=",,,,,
561,,"+1 x2 flutter-mane=, +1 x2 chien-pao=",,,,
554,"+2 whimsicott+, +1 x2 farigiraf+, +1 x2 grimmsnarl+, +1 x2 incineroar+",,,,,
553,,+1 x2 whimsicott+,,,,
539,+2 tornadus-incarnate+,,,,,
537,,+1 x2 tornadus-incarnate+,,,,
536,+2 ogerpon+,,,,,
535,,+1 x2 ogerpon+,,,,
533,+2 ninetales-alola+,,,,,
531,,+1 x2 ninetales-alola+,,,,
506,"+2 landorus-incarnate+, +1 x2 farigiraf=, +1 x2 incineroar=, +2 whimsicott=, +1 x2 grimmsnarl=",,,,,
505,,"+1 x2 whimsicott=, +1 x2 landorus-incarnate+",,,,
503,+2 chi-yu+,,,,,
501,,+1 x2 chi-yu+,,,,
491,"+2 tornadus-incarnate=, +2 urshifu-rapid-strike+, +2 urshifu-single-strike+",,,,,
489,,"+1 x2 urshifu-rapid-strike+, +1 x2 urshifu-single-strike+, +1 x2 tornadus-incarnate=",,,,
488,+2 ogerpon=,,,,,
487,,+1 x2 ogerpon=,,,,
485,+2 ninetales-alola=,,,,,
483,,+1 x2 ninetales-alola=,,,,
479,+1 x2 ting-lu+,,,,,
473,+2 gouging-fire+,,,,,
471,,+1 x2 gouging-fire+,,,,
470,+2 arcanine-hisui+,,,,,
469,,+1 x2 arcanine-hisui+,,,,
462,"+1 chien-pao+, +1 flutter-mane+",,"+1 x2 flutter-mane+, +1 x2 chien-pao+",,,
461,+2 landorus-incarnate=,,,,,
459,,+1 x2 landorus-incarnate=,,,,
458,+2 chi-yu=,,,,,
457,,+1 x2 chi-yu=,,,,
452,"+2 articuno+, +2 indeedee-female+, +2 rillaboom+",,,,,
451,,"+1 x2 articuno+, +1 x2 indeedee-female+, +1 x2 rillaboom+",,,,
449,"+2 urshifu-rapid-strike=, +2 urshifu-single-strike=, +2 gholdengo+",,,,,
447,,"+1 x2 urshifu-rapid-strike=, +1 x2 gholdengo+, +1 x2 urshifu-single-strike=",,,,
437,"+2 dragonite+, +1 x2 ting-lu=",,,,,
435,,+1 x2 dragonite+,,,,
431,+2 gouging-fire=,,,,,
429,,+1 x2 gouging-fire=,,,,
428,"+2 arcanine-hisui=, +1 x2 dondozo+",,,,,
427,,+1 x2 arcanine-hisui=,,,,
422,"+1 flutter-mane=, +1 chien-pao=",,"+1 x2 flutter-mane=, +1 x2 chien-pao=",,,
419,+2 raging-bolt+,,,,,
417,,+1 x2 raging-bolt+,,,,
416,+1 whimsicott+,,+1 x2 whimsicott+,,,
413,"+2 indeedee-female=, +2 articuno=, +2 rillaboom=",,,,,
411,,"+1 x2 indeedee-female=, +1 x2 rillaboom=, +1 x2 articuno=, +2 chien-pao+, +2 flutter-mane+",,,,
410,"-1 x2 chien-pao+, +2 gholdengo=, -1 x2 flutter-mane+",,,"+1 x2 flutter-mane+, +1 x2 chien-pao+",,
409,,+1 x2 gholdengo=,,,,
407,+1 x2 amoonguss+,,,,,
404,+1 tornadus-incarnate+,,+1 x2 tornadus-incarnate+,,,
402,+1 ogerpon+,,+1 x2 ogerpon+,,,
399,+1 ninetales-alola+,,+1 x2 ninetales-alola+,,,
398,+2 dragonite=,,,,,
397,,+1 x2 dragonite=,,,,
392,+1 x2 dondozo=,,,,,
383,+2 raging-bolt=,,,,,
381,,+1 x2 raging-bolt=,,,,
380,"+1 landorus-incarnate+, +1 whimsicott=",,"+1 x2 whimsicott=, +1 x2 landorus-incarnate+",,,
377,+1 chi-yu+,,+1 x2 chi-yu+,,,
375,,"+2 flutter-mane=, +2 chien-pao=",,,,
374,"-1 x2 flutter-mane=, -1 x2 chien-pao=",,,"+1 x2 flutter-mane=, +1 x2 chien-pao=",,
371,"+2 incineroar+, +2 farigiraf+, +2 grimmsnarl+, +1 x2 amoonguss=",,,,,
369,,"+2 whimsicott+, +1 x2 farigiraf+, +1 x2 grimmsnarl+, +1 x2 incineroar+",,+1 x2 whimsicott+,,
368,"-1 x2 whimsicott+, +1 urshifu-single-strike+, +1 tornadus-incarnate=, +1 urshifu-rapid-strike+",,"+1 x2 urshifu-rapid-strike+, +1 x2 urshifu-single-strike+, +1 x2 tornadus-incarnate=",,,
366,+1 ogerpon=,,+1 x2 ogerpon=,,,
363,+1 ninetales-alola=,,+1 x2 ninetales-alola=,,,
359,-1 x2 tornadus-incarnate+,+2 tornadus-incarnate+,,,,
358,,,,+1 x2 tornadus-incarnate+,,
357,,+2 ogerpon+,,+1 x2 ogerpon+,,
356,"-1 x2 ogerpon+, -1 x2 ninetales-alola+",,,,,
355,,+2 ninetales-alola+,,,,
354,+1 gouging-fire+,,+1 x2 gouging-fire+,+1 x2 ninetales-alola+,,
353,+1 arcanine-hisui+,,+1 x2 arcanine-hisui+,,,
345,+1 landorus-incarnate=,,+1 x2 landorus-incarnate=,,,
344,+1 chi-yu=,,+1 x2 chi-yu=,,,
339,"+1 rillaboom+, +1 articuno+, +1 indeedee-female+",,"+1 x2 articuno+, +1 x2 indeedee-female+, +1 x2 rillaboom+",,,
338,"+2 farigiraf=, -1 x2 whimsicott=, +2 incineroar=, +2 grimmsnarl=, -1 x2 landorus-incarnate+",,,,,
337,,"+2 landorus-incarnate+, +1 x2 farigiraf=, +1 x2 incineroar=, +2 whimsicott=, +1 x2 grimmsnarl=",,"+1 x2 whimsicott=, +1 x2 landorus-incarnate+",,
336,"+1 urshifu-single-strike=, +1 gholdengo+, +1 urshifu-rapid-strike=",,"+1 x2 urshifu-rapid-strike=, +1 x2 gholdengo+, +1 x2 urshifu-single-strike=",,,
335,-1 x2 chi-yu+,+2 chi-yu+,,,,
334,,,,+1 x2 chi-yu+,,
327,+1 dragonite+,"+2 tornadus-incarnate=, +2 urshifu-rapid-strike+, +2 urshifu-single-strike+",+1 x2 dragonite+,,,
326,"-1 x2 urshifu-rapid-strike+, -1 x2 tornadus-incarnate=, -1 x2 urshifu-single-strike+, -1 x2 ogerpon=",,,"+1 x2 urshifu-rapid-strike+, +1 x2 urshifu-single-strike+, +1 x2 tornadus-incarnate=",,
325,,+2 ogerpon=,,+1 x2 ogerpon=,,
323,"+1 gouging-fire=, -1 x2 ninetales-alola=",+2 ninetales-alola=,+1 x2 gouging-fire=,,,
322,,,,+1 x2 ninetales-alola=,,
321,+1 arcanine-hisui=,,+1 x2 arcanine-hisui=,,,
320,+2 ting-lu+,,,,,
319,,+1 x2 ting-lu+,,,,
315,,+2 gouging-fire+,,,,
314,"-1 x2 gouging-fire+, +1 raging-bolt+, -1 x2 arcanine-hisui+",,+1 x2 raging-bolt+,+1 x2 gouging-fire+,,
313,,+2 arcanine-hisui+,,+1 x2 arcanine-hisui+,,
309,"+1 articuno=, flutter-mane+, +1 rillaboom=, chien-pao+, +1 indeedee-female=",,"+1 x2 indeedee-female=, +1 x2 rillaboom=, +1 x2 articuno=, +2 chien-pao+, +2 flutter-mane+",,,
308,"-1 x2 landorus-incarnate=, +1 gholdengo=","+1 chien-pao+, +1 flutter-mane+",+1 x2 gholdengo=,,"+1 x2 flutter-mane+, +1 x2 chien-pao+",
307,,+2 landorus-incarnate=,,,,
306,,,,+1 x2 landorus-incarnate=,,
305,-1 x2 chi-yu=,+2 chi-yu=,,+1 x2 chi-yu=,,
302,"-1 x2 indeedee-female+, -1 x2 rillaboom+, -1 x2 articuno+",,,,,
301,,"+2 articuno+, +2 indeedee-female+, +2 rillaboom+",,"+1 x2 articuno+, +1 x2 indeedee-female+, +1 x2 rillaboom+",,
299,"+1 dragonite=, -1 x2 gholdengo+, -1 x2 urshifu-single-strike=, -1 x2 urshifu-rapid-strike=","+2 urshifu-rapid-strike=, +2 urshifu-single-strike=, +2 gholdengo+",+1 x2 dragonite=,,,
298,,,,"+1 x2 urshifu-rapid-strike=, +1 x2 gholdengo+, +1 x2 urshifu-single-strike=",,
293,+2 ting-lu=,,,,,
291,,"+2 dragonite+, +1 x2 ting-lu=",,,,
290,-1 x2 dragonite+,,,+1 x2 dragonite+,,
287,"+2 dondozo+, +1 raging-bolt=, -1 x2 gouging-fire=",+2 gouging-fire=,+1 x2 raging-bolt=,,,
286,,,,+1 x2 gouging-fire=,,
285,,"+2 arcanine-hisui=, +1 x2 dondozo+",,+1 x2 arcanine-hisui=,,
284,-1 x2 arcanine-hisui=,,,,,
282,"flutter-mane=, chien-pao=",,"+2 flutter-mane=, +2 chien-pao=",,,
281,,"+1 flutter-mane=, +1 chien-pao=",,,"+1 x2 flutter-mane=, +1 x2 chien-pao=",
279,,+2 raging-bolt+,,,,
278,"whimsicott+, +1 grimmsnarl+, -1 x2 raging-bolt+, +1 farigiraf+, +1 incineroar+",,"+2 whimsicott+, +1 x2 farigiraf+, +1 x2 grimmsnarl+, +1 x2 incineroar+",+1 x2 raging-bolt+,,
277,,+1 whimsicott+,,,+1 x2 whimsicott+,
275,"-1 x2 indeedee-female=, -1 x2 articuno=, -1 x2 rillaboom=","+2 indeedee-female=, +2 articuno=, +2 rillaboom=",,,,
274,,,,"+1 x2 indeedee-female=, +1 x2 rillaboom=, +1 x2 articuno=, +2 chien-pao+, +2 flutter-mane+",,
273,,"-1 x2 chien-pao+, +2 gholdengo=, -1 x2 flutter-mane+",,+1 x2 gholdengo=,,
272,"-1 x2 gholdengo=, +2 amoonguss+",,,,,
271,,+1 x2 amoonguss+,,,,
270,tornadus-incarnate+,,+2 tornadus-incarnate+,,,
269,ogerpon+,+1 tornadus-incarnate+,+2 ogerpon+,,+1 x2 tornadus-incarnate+,
268,,+1 ogerpon+,,,+1 x2 ogerpon+,
267,ninetales-alola+,,+2 ninetales-alola+,,,
266,-1 x2 dragonite=,+1 ninetales-alola+,,,+1 x2 ninetales-alola+,
265,,+2 dragonite=,,+1 x2 dragonite=,,
263,+2 dondozo=,,,,,
261,,+1 x2 dondozo=,,,,
255,,+2 raging-bolt=,,,,
254,"+1 farigiraf=, whimsicott=, landorus-incarnate+, +1 incineroar=, -1 x2 raging-bolt=, +1 grimmsnarl=",,"+2 landorus-incarnate+, +1 x2 farigiraf=, +1 x2 incineroar=, +2 whimsicott=, +1 x2 grimmsnarl=",+1 x2 raging-bolt=,,
253,,"+1 landorus-incarnate+, +1 whimsicott=",,,"+1 x2 whimsicott=, +1 x2 landorus-incarnate+",
252,chi-yu+,,+2 chi-yu+,,,
251,,+1 chi-yu+,,,+1 x2 chi-yu+,
250,,,,"+2 flutter-mane=, +2 chien-pao=",,
249,,"-1 x2 flutter-mane=, -1 x2 chien-pao=",,,,
248,"-1 x2 farigiraf+, -1 x2 incineroar+, -1 x2 grimmsnarl+, +2 amoonguss=",,,,,
247,,"+2 incineroar+, +2 farigiraf+, +2 grimmsnarl+, +1 x2 amoonguss=",,,,
246,"tornadus-incarnate=, urshifu-rapid-strike+, urshifu-single-strike+",,"+2 tornadus-incarnate=, +2 urshifu-rapid-strike+, +2 urshifu-single-strike+","+2 whimsicott+, +1 x2 farigiraf+, +1 x2 grimmsnarl+, +1 x2 incineroar+",,
245,ogerpon=,"-1 x2 whimsicott+, +1 urshifu-single-strike+, +1 tornadus-incarnate=, +1 urshifu-rapid-strike+",+2 ogerpon=,,"+1 x2 urshifu-rapid-strike+, +1 x2 urshifu-single-strike+, +1 x2 tornadus-incarnate=",
244,,+1 ogerpon=,,,+1 x2 ogerpon=,
243,ninetales-alola=,,+2 ninetales-alola=,,,
242,,+1 ninetales-alola=,,,+1 x2 ninetales-alola=,
240,+1 ting-lu+,,+1 x2 ting-lu+,+2 tornadus-incarnate+,,
239,,-1 x2 tornadus-incarnate+,,,,
238,,,,+2 ogerpon+,,
237,gouging-fire+,"-1 x2 ogerpon+, -1 x2 ninetales-alola+",+2 gouging-fire+,+2 ninetales-alola+,,
236,arcanine-hisui+,+1 gouging-fire+,+2 arcanine-hisui+,,+1 x2 gouging-fire+,
235,,+1 arcanine-hisui+,,,+1 x2 arcanine-hisui+,
231,landorus-incarnate=,,"+2 landorus-incarnate=, +1 chien-pao+, +1 flutter-mane+",,,
230,chi-yu=,+1 landorus-incarnate=,+2 chi-yu=,,+1 x2 landorus-incarnate=,
229,,+1 chi-yu=,,,+1 x2 chi-yu=,
227,"articuno+, indeedee-female+, rillaboom+",,"+2 articuno+, +2 indeedee-female+, +2 rillaboom+",,,
226,,"+1 rillaboom+, +1 articuno+, +1 indeedee-female+",,,"+1 x2 articuno+, +1 x2 indeedee-female+, +1 x2 rillaboom+",
225,"gholdengo+, urshifu-single-strike=, urshifu-rapid-strike=","+2 farigiraf=, -1 x2 whimsicott=, +2 incineroar=, +2 grimmsnarl=, -1 x2 landorus-incarnate+","+2 urshifu-rapid-strike=, +2 urshifu-single-strike=, +2 gholdengo+","+2 landorus-incarnate+, +1 x2 farigiraf=, +1 x2 incineroar=, +2 whimsicott=, +1 x2 grimmsnarl=",,
224,"-1 x2 farigiraf=, -1 x2 incineroar=, -1 x2 grimmsnarl=","+1 urshifu-single-strike=, +1 gholdengo+, +1 urshifu-rapid-strike=",,+2 chi-yu+,"+1 x2 urshifu-rapid-strike=, +1 x2 gholdengo+, +1 x2 urshifu-single-strike=",
223,,-1 x2 chi-yu+,,,,
219,"dragonite+, +1 ting-lu=",,"+2 dragonite+, +1 x2 ting-lu=",,,
218,,+1 dragonite+,,"+2 tornadus-incarnate=, +2 urshifu-rapid-strike+, +2 urshifu-single-strike+",+1 x2 dragonite+,
217,,"-1 x2 urshifu-rapid-strike+, -1 x2 tornadus-incarnate=, -1 x2 urshifu-single-strike+, -1 x2 ogerpon=",,+2 ogerpon=,,
216,gouging-fire=,,+2 gouging-fire=,+2 ninetales-alola=,,
215,"arcanine-hisui=, +1 dondozo+","+1 gouging-fire=, -1 x2 ninetales-alola=","+2 arcanine-hisui=, +1 x2 dondozo+",,+1 x2 gouging-fire=,
214,,+1 arcanine-hisui=,,,+1 x2 arcanine-hisui=,
213,,+2 ting-lu+,,+1 x2 ting-lu+,,
212,-1 x2 ting-lu+,,"+1 flutter-mane=, +1 chien-pao=",,,
210,raging-bolt+,,+2 raging-bolt+,+2 gouging-fire+,,
209,,"-1 x2 gouging-fire+, +1 raging-bolt+, -1 x2 arcanine-hisui+",+1 whimsicott+,+2 arcanine-hisui+,+1 x2 raging-bolt+,
207,"articuno=, indeedee-female=, rillaboom=",,"+2 indeedee-female=, +2 articuno=, +2 rillaboom=",,,
206,"-1 flutter-mane+, -1 chien-pao+, gholdengo=","+1 articuno=, flutter-mane+, +1 rillaboom=, chien-pao+, +1 indeedee-female=","-1 x2 chien-pao+, +2 gholdengo=, -1 x2 flutter-mane+","+1 chien-pao+, +1 flutter-mane+","+1 x2 indeedee-female=, +1 x2 rillaboom=, +1 x2 articuno=, +2 chien-pao+, +2 flutter-mane+","+1 x2 flutter-mane+, +1 x2 chien-pao+"
205,,"-1 x2 landorus-incarnate=, +1 gholdengo=",,+2 landorus-incarnate=,+1 x2 gholdengo=,
204,+1 amoonguss+,,+1 x2 amoonguss+,+2 chi-yu=,,
203,,-1 x2 chi-yu=,+1 tornadus-incarnate+,,,
201,,"-1 x2 indeedee-female+, -1 x2 rillaboom+, -1 x2 articuno+",+1 ogerpon+,"+2 articuno+, +2 indeedee-female+, +2 rillaboom+",,
200,dragonite=,,"+1 ninetales-alola+, +2 dragonite=","+2 urshifu-rapid-strike=, +2 urshifu-single-strike=, +2 gholdengo+",,
199,,"+1 dragonite=, -1 x2 gholdengo+, -1 x2 urshifu-single-strike=, -1 x2 urshifu-rapid-strike=",,,+1 x2 dragonite=,
197,+1 dondozo=,,+1 x2 dondozo=,,,
195,,+2 ting-lu=,,,,
194,-1 x2 ting-lu=,,,"+2 dragonite+, +1 x2 ting-lu=",,
193,,-1 x2 dragonite+,,,,
192,raging-bolt=,,+2 raging-bolt=,+2 gouging-fire=,,
191,-1 x2 dondozo+,"+2 dondozo+, +1 raging-bolt=, -1 x2 gouging-fire=","+1 landorus-incarnate+, +1 whimsicott=",,+1 x2 raging-bolt=,
190,,,,"+2 arcanine-hisui=, +1 x2 dondozo+",,
189,,-1 x2 arcanine-hisui=,+1 chi-yu+,,,
188,"-1 flutter-mane=, -1 chien-pao=","flutter-mane=, chien-pao=","-1 x2 flutter-mane=, -1 x2 chien-pao=","+1 flutter-mane=, +1 chien-pao=","+2 flutter-mane=, +2 chien-pao=","+1 x2 flutter-mane=, +1 x2 chien-pao="
186,"incineroar+, farigiraf+, grimmsnarl+, +1 amoonguss=",,"+2 incineroar+, +2 farigiraf+, +2 grimmsnarl+, +1 x2 amoonguss=",+2 raging-bolt+,,
185,-1 whimsicott+,"whimsicott+, +1 grimmsnarl+, -1 x2 raging-bolt+, +1 farigiraf+, +1 incineroar+","-1 x2 whimsicott+, +1 urshifu-single-strike+, +1 tornadus-incarnate=, +1 urshifu-rapid-strike+",+1 whimsicott+,"+2 whimsicott+, +1 x2 farigiraf+, +1 x2 grimmsnarl+, +1 x2 incineroar+",+1 x2 whimsicott+
184,,,,"+2 indeedee-female=, +2 articuno=, +2 rillaboom=",,
183,,"-1 x2 indeedee-female=, -1 x2 articuno=, -1 x2 rillaboom=",+1 ogerpon=,,,
182,-1 x2 amoonguss+,,+1 ninetales-alola=,"-1 x2 chien-pao+, +2 gholdengo=, -1 x2 flutter-mane+",,
181,,"-1 x2 gholdengo=, +2 amoonguss+",,+1 x2 amoonguss+,,
180,-1 tornadus-incarnate+,tornadus-incarnate+,-1 x2 tornadus-incarnate+,+1 tornadus-incarnate+,+2 tornadus-incarnate+,+1 x2 tornadus-incarnate+
179,"-1 ogerpon+, -1 ninetales-alola+",ogerpon+,"-1 x2 ogerpon+, -1 x2 ninetales-alola+",+1 ogerpon+,+2 ogerpon+,+1 x2 ogerpon+
178,,ninetales-alola+,,+1 ninetales-alola+,+2 ninetales-alola+,+1 x2 ninetales-alola+
177,,-1 x2 dragonite=,"+1 arcanine-hisui+, +1 gouging-fire+",+2 dragonite=,,
176,-1 x2 dondozo=,,,,,
175,,+2 dondozo=,,,,
174,,,,+1 x2 dondozo=,,
173,,,"+1 landorus-incarnate=, +1 chi-yu=",,,
170,"farigiraf=, -1 whimsicott=, incineroar=, grimmsnarl=, -1 landorus-incarnate+",,"+1 rillaboom+, +2 farigiraf=, -1 x2 whimsicott=, +1 articuno+, +2 incineroar=, +2 grimmsnarl=, -1 x2 landorus-incarnate+, +1 indeedee-female+",+2 raging-bolt=,,
169,,"+1 farigiraf=, whimsicott=, landorus-incarnate+, +1 incineroar=, -1 x2 raging-bolt=, +1 grimmsnarl=",,"+1 landorus-incarnate+, +1 whimsicott=","+2 landorus-incarnate+, +1 x2 farigiraf=, +1 x2 incineroar=, +2 whimsicott=, +1 x2 grimmsnarl=","+1 x2 whimsicott=, +1 x2 landorus-incarnate+"
168,-1 chi-yu+,chi-yu+,"+1 urshifu-single-strike=, +1 gholdengo+, -1 x2 chi-yu+, +1 urshifu-rapid-strike=",+1 chi-yu+,+2 chi-yu+,+1 x2 chi-yu+
166,,,,"-1 x2 flutter-mane=, -1 x2 chien-pao=",,
165,,"-1 x2 farigiraf+, -1 x2 incineroar+, -1 x2 grimmsnarl+, +2 amoonguss=",,"+2 incineroar+, +2 farigiraf+, +2 grimmsnarl+, +1 x2 amoonguss=",,
164,"-1 urshifu-single-strike+, -1 urshifu-rapid-strike+, -1 x2 amoonguss=, -1 ogerpon=, -1 tornadus-incarnate=","tornadus-incarnate=, urshifu-rapid-strike+, urshifu-single-strike+","-1 x2 urshifu-rapid-strike+, +1 dragonite+, -1 x2 tornadus-incarnate=, -1 x2 urshifu-single-strike+, -1 x2 ogerpon=","-1 x2 whimsicott+, +1 urshifu-single-strike+, +1 tornadus-incarnate=, +1 urshifu-rapid-strike+","+2 tornadus-incarnate=, +2 urshifu-rapid-strike+, +2 urshifu-single-strike+","+1 x2 urshifu-rapid-strike+, +1 x2 urshifu-single-strike+, +1 x2 tornadus-incarnate="
163,,ogerpon=,,+1 ogerpon=,+2 ogerpon=,+1 x2 ogerpon=
162,-1 ninetales-alola=,ninetales-alola=,"+1 gouging-fire=, -1 x2 ninetales-alola=",+1 ninetales-alola=,+2 ninetales-alola=,+1 x2 ninetales-alola=
161,ting-lu+,,"+1 arcanine-hisui=, +2 ting-lu+",,,
160,,+1 ting-lu+,,-1 x2 tornadus-incarnate+,+1 x2 ting-lu+,
158,"-1 arcanine-hisui+, -1 gouging-fire+",gouging-fire+,"-1 x2 gouging-fire+, +1 raging-bolt+, -1 x2 arcanine-hisui+","+1 gouging-fire+, -1 x2 ogerpon+, -1 x2 ninetales-alola+",+2 gouging-fire+,+1 x2 gouging-fire+
157,,arcanine-hisui+,,+1 arcanine-hisui+,+2 arcanine-hisui+,+1 x2 arcanine-hisui+
155,-1 landorus-incarnate=,,"+1 articuno=, flutter-mane+, +1 rillaboom=, -1 x2 landorus-incarnate=, chien-pao+, +1 gholdengo=, +1 indeedee-female=",,,
154,,landorus-incarnate=,,+1 landorus-incarnate=,"+2 landorus-incarnate=, +1 chien-pao+, +1 flutter-mane+",+1 x2 landorus-incarnate=
153,-1 chi-yu=,chi-yu=,-1 x2 chi-yu=,+1 chi-yu=,+2 chi-yu=,+1 x2 chi-yu=
152,"-1 rillaboom+, -1 articuno+, -1 indeedee-female+",,"-1 x2 indeedee-female+, -1 x2 rillaboom+, -1 x2 articuno+",,,
151,,"articuno+, indeedee-female+, rillaboom+",,"+1 rillaboom+, +1 articuno+, +1 indeedee-female+","+2 articuno+, +2 indeedee-female+, +2 rillaboom+","+1 x2 articuno+, +1 x2 indeedee-female+, +1 x2 rillaboom+"
150,"-1 urshifu-rapid-strike=, -1 urshifu-single-strike=, -1 gholdengo+","gholdengo+, urshifu-single-strike=, urshifu-rapid-strike=","+1 dragonite=, -1 x2 gholdengo+, -1 x2 urshifu-single-strike=, -1 x2 urshifu-rapid-strike=","+1 urshifu-single-strike=, +1 gholdengo+, +2 farigiraf=, -1 x2 whimsicott=, +2 incineroar=, +1 urshifu-rapid-strike=, +2 grimmsnarl=, -1 x2 landorus-incarnate+","+2 urshifu-rapid-strike=, +2 urshifu-single-strike=, +2 gholdengo+","+1 x2 urshifu-rapid-strike=, +1 x2 gholdengo+, +1 x2 urshifu-single-strike="
149,,"-1 x2 farigiraf=, -1 x2 incineroar=, -1 x2 grimmsnarl=",,-1 x2 chi-yu+,,
147,ting-lu=,,+2 ting-lu=,,,
146,-1 dragonite+,"dragonite+, +1 ting-lu=",-1 x2 dragonite+,+1 dragonite+,"+2 dragonite+, +1 x2 ting-lu=",+1 x2 dragonite+
145,,,,"-1 x2 urshifu-rapid-strike+, -1 x2 tornadus-incarnate=, -1 x2 urshifu-single-strike+, -1 x2 ogerpon=",,
144,"dondozo+, -1 gouging-fire=",gouging-fire=,"+2 dondozo+, +1 raging-bolt=, -1 x2 gouging-fire=","+1 gouging-fire=, -1 x2 ninetales-alola=",+2 gouging-fire=,+1 x2 gouging-fire=
143,-1 arcanine-hisui=,"arcanine-hisui=, +1 dondozo+",-1 x2 arcanine-hisui=,+1 arcanine-hisui=,"+2 arcanine-hisui=, +1 x2 dondozo+",+1 x2 arcanine-hisui=
142,,,,+2 ting-lu+,,
141,,-1 x2 ting-lu+,"flutter-mane=, chien-pao=",,"+1 flutter-mane=, +1 chien-pao=",
140,-1 raging-bolt+,raging-bolt+,"whimsicott+, +1 grimmsnarl+, -1 x2 raging-bolt+, +1 farigiraf+, +1 incineroar+","-1 x2 gouging-fire+, +1 raging-bolt+, -1 x2 arcanine-hisui+",+2 raging-bolt+,+1 x2 raging-bolt+
139,,,,,+1 whimsicott+,
138,"-1 articuno=, -1 indeedee-female=, -1 rillaboom=","articuno=, indeedee-female=, rillaboom=","-1 x2 indeedee-female=, -1 x2 articuno=, -1 x2 rillaboom=","+1 articuno=, flutter-mane+, +1 rillaboom=, chien-pao+, +1 indeedee-female=","+2 indeedee-female=, +2 articuno=, +2 rillaboom=","+1 x2 indeedee-female=, +1 x2 rillaboom=, +1 x2 articuno=, +2 chien-pao+, +2 flutter-mane+"
137,"-1 gholdengo=, amoonguss+","-1 flutter-mane+, -1 chien-pao+, gholdengo=","-1 x2 gholdengo=, +2 amoonguss+","-1 x2 landorus-incarnate=, +1 gholdengo=","-1 x2 chien-pao+, +2 gholdengo=, -1 x2 flutter-mane+",+1 x2 gholdengo=
136,,+1 amoonguss+,,-1 x2 chi-yu=,+1 x2 amoonguss+,
135,,,"ogerpon+, tornadus-incarnate+",,+1 tornadus-incarnate+,
134,-1 dragonite=,,"-1 x2 dragonite=, ninetales-alola+","-1 x2 indeedee-female+, -1 x2 rillaboom+, -1 x2 articuno+",+1 ogerpon+,
133,,dragonite=,,"+1 dragonite=, -1 x2 gholdengo+, -1 x2 urshifu-single-strike=, -1 x2 urshifu-rapid-strike=","+1 ninetales-alola+, +2 dragonite=",+1 x2 dragonite=
132,dondozo=,,+2 dondozo=,,,
131,,+1 dondozo=,,,+1 x2 dondozo=,
130,,,,+2 ting-lu=,,
129,,-1 x2 ting-lu=,,-1 x2 dragonite+,,
128,-1 raging-bolt=,raging-bolt=,"+1 farigiraf=, whimsicott=, landorus-incarnate+, +1 incineroar=, -1 x2 raging-bolt=, +1 grimmsnarl=","+2 dondozo+, +1 raging-bolt=, -1 x2 gouging-fire=",+2 raging-bolt=,+1 x2 raging-bolt=
127,,-1 x2 dondozo+,,,"+1 landorus-incarnate+, +1 whimsicott=",
126,,,chi-yu+,"-1 x2 arcanine-hisui=, flutter-mane=, chien-pao=",+1 chi-yu+,"+2 flutter-mane=, +2 chien-pao="
125,"-1 incineroar+, -1 farigiraf+, -1 grimmsnarl+, amoonguss=","-1 flutter-mane=, -1 chien-pao=","-1 x2 farigiraf+, -1 x2 incineroar+, -1 x2 grimmsnarl+, +2 amoonguss=",,"-1 x2 flutter-mane=, -1 x2 chien-pao=",
124,,"incineroar+, farigiraf+, grimmsnarl+, +1 amoonguss=",,"whimsicott+, +1 grimmsnarl+, -1 x2 raging-bolt+, +1 farigiraf+, +1 incineroar+","+2 incineroar+, +2 farigiraf+, +2 grimmsnarl+, +1 x2 amoonguss=","+2 whimsicott+, +1 x2 farigiraf+, +1 x2 grimmsnarl+, +1 x2 incineroar+"
123,,-1 whimsicott+,"tornadus-incarnate=, urshifu-rapid-strike+, ogerpon=, urshifu-single-strike+",,"-1 x2 whimsicott+, +1 urshifu-single-strike+, +1 tornadus-incarnate=, +1 urshifu-rapid-strike+",
122,,,ninetales-alola=,"-1 x2 indeedee-female=, -1 x2 articuno=, -1 x2 rillaboom=",+1 ogerpon=,
121,,-1 x2 amoonguss+,,"-1 x2 gholdengo=, +2 amoonguss+",+1 ninetales-alola=,
120,,-1 tornadus-incarnate+,+1 ting-lu+,"ogerpon+, tornadus-incarnate+",-1 x2 tornadus-incarnate+,"+2 tornadus-incarnate+, +2 ogerpon+"
119,,"-1 ogerpon+, -1 ninetales-alola+","gouging-fire+, arcanine-hisui+",ninetales-alola+,"-1 x2 ogerpon+, -1 x2 ninetales-alola+",+2 ninetales-alola+
118,,,,-1 x2 dragonite=,"+1 arcanine-hisui+, +1 gouging-fire+",
117,,-1 x2 dondozo=,,+2 dondozo=,,
116,,,"chi-yu=, landorus-incarnate=",,,
115,,,,,"+1 landorus-incarnate=, +1 chi-yu=",
114,,,"articuno+, indeedee-female+, rillaboom+",,,
113,"-1 farigiraf=, -1 grimmsnarl=, -1 incineroar=","farigiraf=, -1 whimsicott=, incineroar=, grimmsnarl=, -1 landorus-incarnate+","-1 x2 farigiraf=, -1 x2 incineroar=, -1 x2 grimmsnarl=, gholdengo+, urshifu-single-strike=, urshifu-rapid-strike=","+1 farigiraf=, whimsicott=, landorus-incarnate+, +1 incineroar=, -1 x2 raging-bolt=, +1 grimmsnarl=","+1 rillaboom+, +2 farigiraf=, -1 x2 whimsicott=, +1 articuno+, +2 incineroar=, +2 grimmsnarl=, -1 x2 landorus-incarnate+, +1 indeedee-female+","+2 landorus-incarnate+, +1 x2 farigiraf=, +1 x2 incineroar=, +2 whimsicott=, +1 x2 grimmsnarl="
112,,-1 chi-yu+,,chi-yu+,"+1 urshifu-single-strike=, +1 gholdengo+, -1 x2 chi-yu+, +1 urshifu-rapid-strike=",+2 chi-yu+
110,,,"dragonite+, +1 ting-lu=","-1 x2 farigiraf+, tornadus-incarnate=, urshifu-rapid-strike+, -1 x2 incineroar+, -1 x2 grimmsnarl+, urshifu-single-strike+, +2 amoonguss=",,"+2 tornadus-incarnate=, +2 urshifu-rapid-strike+, +2 urshifu-single-strike+"
109,,"-1 urshifu-single-strike+, -1 urshifu-rapid-strike+, -1 x2 amoonguss=, -1 ogerpon=, -1 tornadus-incarnate=",,ogerpon=,"-1 x2 urshifu-rapid-strike+, +1 dragonite+, -1 x2 tornadus-incarnate=, -1 x2 urshifu-single-strike+, -1 x2 ogerpon=",+2 ogerpon=
108,,-1 ninetales-alola=,"arcanine-hisui=, gouging-fire=, +1 dondozo+",ninetales-alola=,"+1 gouging-fire=, -1 x2 ninetales-alola=",+2 ninetales-alola=
107,-1 ting-lu+,ting-lu+,-1 x2 ting-lu+,+1 ting-lu+,"+1 arcanine-hisui=, +2 ting-lu+",+1 x2 ting-lu+
106,,,,gouging-fire+,,+2 gouging-fire+
105,,"-1 arcanine-hisui+, -1 gouging-fire+",raging-bolt+,arcanine-hisui+,"-1 x2 gouging-fire+, +1 raging-bolt+, -1 x2 arcanine-hisui+",+2 arcanine-hisui+
104,,,"-1 flutter-mane+, -1 chien-pao+, articuno=, indeedee-female=, rillaboom=, gholdengo=",,,
103,,-1 landorus-incarnate=,,landorus-incarnate=,"+1 articuno=, flutter-mane+, +1 rillaboom=, -1 x2 landorus-incarnate=, chien-pao+, +1 gholdengo=, +1 indeedee-female=","+2 landorus-incarnate=, +1 chien-pao+, +1 flutter-mane+"
102,,-1 chi-yu=,+1 amoonguss+,chi-yu=,-1 x2 chi-yu=,+2 chi-yu=
101,,"-1 rillaboom+, -1 articuno+, -1 indeedee-female+",dragonite=,"articuno+, indeedee-female+, rillaboom+","-1 x2 indeedee-female+, -1 x2 rillaboom+, -1 x2 articuno+","+2 articuno+, +2 indeedee-female+, +2 rillaboom+"
100,,"-1 urshifu-rapid-strike=, -1 urshifu-single-strike=, -1 gholdengo+",,"-1 x2 farigiraf=, -1 x2 incineroar=, -1 x2 grimmsnarl=, gholdengo+, urshifu-single-strike=, urshifu-rapid-strike=","+1 dragonite=, -1 x2 gholdengo+, -1 x2 urshifu-single-strike=, -1 x2 urshifu-rapid-strike=","+2 urshifu-rapid-strike=, +2 urshifu-single-strike=, +2 gholdengo+"
99,,,+1 dondozo=,,,
98,-1 ting-lu=,ting-lu=,-1 x2 ting-lu=,"dragonite+, +1 ting-lu=",+2 ting-lu=,"+2 dragonite+, +1 x2 ting-lu="
97,,-1 dragonite+,,,-1 x2 dragonite+,
96,-1 dondozo+,"dondozo+, -1 gouging-fire=","-1 x2 dondozo+, raging-bolt=","arcanine-hisui=, gouging-fire=, +1 dondozo+","+2 dondozo+, +1 raging-bolt=, -1 x2 gouging-fire=","+2 arcanine-hisui=, +1 x2 dondozo+, +2 gouging-fire="
95,,-1 arcanine-hisui=,"-1 flutter-mane=, -1 chien-pao=",,-1 x2 arcanine-hisui=,
94,,,,"-1 x2 ting-lu+, raging-bolt+","flutter-mane=, chien-pao=","+2 raging-bolt+, +1 flutter-mane=, +1 chien-pao="
93,,-1 raging-bolt+,"incineroar+, farigiraf+, -1 whimsicott+, grimmsnarl+, +1 amoonguss=",,"whimsicott+, +1 grimmsnarl+, -1 x2 raging-bolt+, +1 farigiraf+, +1 incineroar+",+1 whimsicott+
92,-1 amoonguss+,"-1 articuno=, -1 indeedee-female=, -1 rillaboom=",-1 x2 amoonguss+,"-1 flutter-mane+, -1 chien-pao+, articuno=, indeedee-female=, rillaboom=, gholdengo=","-1 x2 indeedee-female=, -1 x2 articuno=, -1 x2 rillaboom=","+2 indeedee-female=, -1 x2 chien-pao+, +2 articuno=, +2 gholdengo=, +2 rillaboom=, -1 x2 flutter-mane+"
91,,"-1 gholdengo=, amoonguss+",,+1 amoonguss+,"-1 x2 gholdengo=, +2 amoonguss+",+1 x2 amoonguss+
90,,,"-1 ogerpon+, -1 tornadus-incarnate+, -1 ninetales-alola+",,"ogerpon+, tornadus-incarnate+","+1 tornadus-incarnate+, +1 ogerpon+"
89,-1 dondozo=,-1 dragonite=,-1 x2 dondozo=,dragonite=,"-1 x2 dragonite=, ninetales-alola+","+1 ninetales-alola+, +2 dragonite="
88,,dondozo=,,+1 dondozo=,+2 dondozo=,+1 x2 dondozo=
86,,,"farigiraf=, -1 whimsicott=, incineroar=, grimmsnarl=, -1 landorus-incarnate+","raging-bolt=, -1 x2 ting-lu=",,+2 raging-bolt=
85,,-1 raging-bolt=,,-1 x2 dondozo+,"+1 farigiraf=, whimsicott=, landorus-incarnate+, +1 incineroar=, -1 x2 raging-bolt=, +1 grimmsnarl=","+1 landorus-incarnate+, +1 whimsicott="
84,,,-1 chi-yu+,"-1 flutter-mane=, -1 chien-pao=",chi-yu+,"+1 chi-yu+, -1 x2 flutter-mane=, -1 x2 chien-pao="
83,-1 amoonguss=,"-1 incineroar+, -1 farigiraf+, -1 grimmsnarl+, amoonguss=","-1 urshifu-single-strike+, -1 urshifu-rapid-strike+, -1 x2 amoonguss=, -1 ogerpon=, -1 tornadus-incarnate=","incineroar+, farigiraf+, grimmsnarl+, +1 amoonguss=","-1 x2 farigiraf+, -1 x2 incineroar+, -1 x2 grimmsnarl+, +2 amoonguss=","+2 incineroar+, +2 farigiraf+, +2 grimmsnarl+, +1 x2 amoonguss="
82,,,,-1 whimsicott+,"tornadus-incarnate=, urshifu-rapid-strike+, ogerpon=, urshifu-single-strike+","-1 x2 whimsicott+, +1 urshifu-single-strike+, +1 ogerpon=, +1 tornadus-incarnate=, +1 urshifu-rapid-strike+"
81,,,"ting-lu+, -1 ninetales-alola=",-1 x2 amoonguss+,ninetales-alola=,+1 ninetales-alola=
80,,,"-1 arcanine-hisui+, -1 gouging-fire+","-1 ogerpon+, -1 tornadus-incarnate+, -1 ninetales-alola+",+1 ting-lu+,"-1 x2 ogerpon+, -1 x2 tornadus-incarnate+, -1 x2 ninetales-alola+"
79,,,,,"gouging-fire+, arcanine-hisui+","+1 arcanine-hisui+, +1 gouging-fire+"
78,,,-1 landorus-incarnate=,-1 x2 dondozo=,,
77,,,"-1 rillaboom+, -1 articuno+, -1 indeedee-female+, -1 chi-yu=",,"chi-yu=, landorus-incarnate=","+1 landorus-incarnate=, +1 chi-yu="
76,,,,"farigiraf=, -1 whimsicott=, incineroar=, grimmsnarl=, -1 landorus-incarnate+","articuno+, indeedee-female+, rillaboom+","+1 rillaboom+, +2 farigiraf=, -1 x2 whimsicott=, +1 articuno+, +2 incineroar=, +2 grimmsnarl=, -1 x2 landorus-incarnate+, +1 indeedee-female+"
75,,"-1 farigiraf=, -1 grimmsnarl=, -1 incineroar=","-1 urshifu-rapid-strike=, -1 urshifu-single-strike=, -1 gholdengo+",-1 chi-yu+,"-1 x2 farigiraf=, -1 x2 incineroar=, -1 x2 grimmsnarl=, gholdengo+, urshifu-single-strike=, urshifu-rapid-strike=","+1 urshifu-single-strike=, +1 gholdengo+, -1 x2 chi-yu+, +1 urshifu-rapid-strike="
74,,,"-1 dragonite+, ting-lu=",,,
73,,,,"-1 urshifu-single-strike+, -1 urshifu-rapid-strike+, -1 x2 amoonguss=, -1 ogerpon=, -1 tornadus-incarnate=","dragonite+, +1 ting-lu=","-1 x2 urshifu-rapid-strike+, +1 dragonite+, -1 x2 tornadus-incarnate=, -1 x2 urshifu-single-strike+, -1 x2 ogerpon="
72,,,"dondozo+, -1 gouging-fire=, -1 arcanine-hisui=","ting-lu+, -1 ninetales-alola=","arcanine-hisui=, gouging-fire=, +1 dondozo+","+1 arcanine-hisui=, +2 ting-lu+, +1 gouging-fire=, -1 x2 ninetales-alola="
71,,-1 ting-lu+,-1 raging-bolt+,,-1 x2 ting-lu+,
70,,,,"-1 arcanine-hisui+, -1 gouging-fire+",raging-bolt+,"-1 x2 gouging-fire+, +1 raging-bolt+, -1 x2 arcanine-hisui+"
69,,,"-1 gholdengo=, -1 articuno=, -1 indeedee-female=, -1 rillaboom=, amoonguss+",-1 landorus-incarnate=,"-1 flutter-mane+, -1 chien-pao+, articuno=, indeedee-female=, rillaboom=, gholdengo=","+1 articuno=, flutter-mane+, +1 rillaboom=, -1 x2 landorus-incarnate=, chien-pao+, +1 gholdengo=, +1 indeedee-female="
68,,,-1 dragonite=,"-1 rillaboom+, -1 articuno+, -1 indeedee-female+, -1 chi-yu=",+1 amoonguss+,"-1 x2 chi-yu=, -1 x2 indeedee-female+, -1 x2 rillaboom+, -1 x2 articuno+"
67,,,,"-1 urshifu-rapid-strike=, -1 urshifu-single-strike=, -1 gholdengo+",dragonite=,"+1 dragonite=, -1 x2 gholdengo+, -1 x2 urshifu-single-strike=, -1 x2 urshifu-rapid-strike="
66,,,dondozo=,ting-lu=,+1 dondozo=,+2 ting-lu=
65,,-1 ting-lu=,-1 raging-bolt=,-1 dragonite+,-1 x2 ting-lu=,-1 x2 dragonite+
64,,-1 dondozo+,,"dondozo+, -1 gouging-fire=, -1 arcanine-hisui=","-1 x2 dondozo+, raging-bolt=","+2 dondozo+, -1 x2 arcanine-hisui=, +1 raging-bolt=, -1 x2 gouging-fire="
63,,,"-1 incineroar+, -1 farigiraf+, -1 grimmsnarl+, amoonguss=",,"-1 flutter-mane=, -1 chien-pao=","flutter-mane=, chien-pao="
62,,,,"-1 articuno=, -1 raging-bolt+, -1 indeedee-female=, -1 rillaboom=","incineroar+, farigiraf+, -1 whimsicott+, grimmsnarl+, +1 amoonguss=","-1 x2 indeedee-female=, whimsicott+, -1 x2 articuno=, +1 grimmsnarl+, -1 x2 raging-bolt+, -1 x2 rillaboom=, +1 farigiraf+, +1 incineroar+"
61,,-1 amoonguss+,,"-1 gholdengo=, amoonguss+",-1 x2 amoonguss+,"-1 x2 gholdengo=, +2 amoonguss+"
60,,,,-1 dragonite=,"-1 ogerpon+, -1 tornadus-incarnate+, -1 ninetales-alola+","-1 x2 dragonite=, ogerpon+, ninetales-alola+, tornadus-incarnate+"
59,,-1 dondozo=,,dondozo=,-1 x2 dondozo=,+2 dondozo=
57,,,"-1 farigiraf=, -1 grimmsnarl=, -1 incineroar=",-1 raging-bolt=,"farigiraf=, -1 whimsicott=, incineroar=, grimmsnarl=, -1 landorus-incarnate+","+1 farigiraf=, whimsicott=, landorus-incarnate+, +1 incineroar=, -1 x2 raging-bolt=, +1 grimmsnarl="
56,,,,"-1 incineroar+, -1 farigiraf+, -1 grimmsnarl+, amoonguss=",-1 chi-yu+,"-1 x2 farigiraf+, chi-yu+, -1 x2 incineroar+, -1 x2 grimmsnarl+, +2 amoonguss="
55,,-1 amoonguss=,,,"-1 urshifu-single-strike+, -1 urshifu-rapid-strike+, -1 x2 amoonguss=, -1 ogerpon=, -1 tornadus-incarnate=","tornadus-incarnate=, urshifu-rapid-strike+, ogerpon=, urshifu-single-strike+"
54,,,-1 ting-lu+,,"ting-lu+, -1 ninetales-alola=","+1 ting-lu+, ninetales-alola="
53,,,,,"-1 arcanine-hisui+, -1 gouging-fire+","gouging-fire+, arcanine-hisui+"
52,,,,,-1 landorus-incarnate=,"chi-yu=, landorus-incarnate="
51,,,,,"-1 rillaboom+, -1 articuno+, -1 indeedee-female+, -1 chi-yu=","articuno+, indeedee-female+, rillaboom+"
50,,,-1 ting-lu=,"-1 farigiraf=, -1 grimmsnarl=, -1 incineroar=","-1 urshifu-rapid-strike=, -1 urshifu-single-strike=, -1 gholdengo+","-1 x2 farigiraf=, -1 x2 incineroar=, -1 x2 grimmsnarl=, gholdengo+, urshifu-single-strike=, urshifu-rapid-strike="
49,,,,,"-1 dragonite+, ting-lu=","dragonite+, +1 ting-lu="
48,,,-1 dondozo+,-1 ting-lu+,"dondozo+, -1 gouging-fire=, -1 arcanine-hisui=","-1 x2 ting-lu+, arcanine-hisui=, gouging-fire=, +1 dondozo+"
47,,,-1 amoonguss+,,-1 raging-bolt+,raging-bolt+
46,,,,,"-1 gholdengo=, -1 articuno=, -1 indeedee-female=, -1 rillaboom=, amoonguss+","-1 flutter-mane+, +1 amoonguss+, -1 chien-pao+, articuno=, indeedee-female=, rillaboom=, gholdengo="
45,,,-1 dondozo=,,-1 dragonite=,dragonite=
44,,,,-1 ting-lu=,dondozo=,"+1 dondozo=, -1 x2 ting-lu="
43,,,,-1 dondozo+,-1 raging-bolt=,"-1 x2 dondozo+, raging-bolt="
42,,,-1 amoonguss=,,"-1 incineroar+, -1 farigiraf+, -1 grimmsnarl+, amoonguss=","incineroar+, farigiraf+, -1 flutter-mane=, -1 chien-pao=, -1 whimsicott+, grimmsnarl+, +1 amoonguss="
41,,,,-1 amoonguss+,,-1 x2 amoonguss+
40,,,,-1 dondozo=,,"-1 x2 dondozo=, -1 ogerpon+, -1 tornadus-incarnate+, -1 ninetales-alola+"
38,,,,,"-1 farigiraf=, -1 grimmsnarl=, -1 incineroar=","farigiraf=, -1 whimsicott=, incineroar=, grimmsnarl=, -1 chi-yu+, -1 landorus-incarnate+"
37,,,,-1 amoonguss=,,"-1 urshifu-single-strike+, -1 urshifu-rapid-strike+, -1 x2 amoonguss=, -1 ogerpon=, -1 tornadus-incarnate="
36,,,,,-1 ting-lu+,"ting-lu+, -1 arcanine-hisui+, -1 gouging-fire+, -1 ninetales-alola="
35,,,,,,-1 landorus-incarnate=
34,,,,,,"-1 urshifu-rapid-strike=, -1 rillaboom+, -1 urshifu-single-strike=, -1 gholdengo+, -1 articuno+, -1 indeedee-female+, -1 chi-yu="
33,,,,,-1 ting-lu=,"-1 dragonite+, ting-lu="
32,,,,,-1 dondozo+,"dondozo+, -1 raging-bolt+, -1 gouging-fire=, -1 arcanine-hisui="
31,,,,,-1 amoonguss+,"-1 gholdengo=, -1 articuno=, -1 indeedee-female=, -1 rillaboom=, amoonguss+"
30,,,,,-1 dondozo=,"-1 dragonite=, dondozo="
29,,,,,,-1 raging-bolt=
28,,,,,-1 amoonguss=,"-1 incineroar+, -1 farigiraf+, -1 grimmsnarl+, amoonguss="
26,,,,,,"-1 farigiraf=, -1 grimmsnarl=, -1 incineroar="
24,,,,,,-1 ting-lu+
22,,,,,,"-1 ting-lu=, -1 dondozo+"
21,,,,,,-1 amoonguss+
20,,,,,,-1 dondozo=
19,,,,,,-1 amoonguss=
